{"cameraMode":{"drawMode":0,"name":"Shaded","section":"Shading Mode"},"sceneLighting":true,"audioPlay":false,"sceneViewState":{"m_AlwaysRefresh":false,"showFog":true,"showSkybox":true,"showFlares":true,"showImageEffects":true,"showParticleSystems":true,"showVisualEffectGraphs":true,"m_FxEnabled":true},"in2DMode":false,"pivot":{"x":40.239566802978519,"y":-1.9866387844085694,"z":13.081496238708496},"rotation":{"x":0.036413200199604037,"y":0.6559224128723145,"z":-0.03172202780842781,"w":0.7533512115478516},"size":17.84428596496582,"orthographic":false}