{"cameraMode":{"drawMode":0,"name":"Shaded","section":"Shading Mode"},"sceneLighting":false,"audioPlay":false,"sceneViewState":{"m_AlwaysRefresh":false,"showFog":true,"showSkybox":false,"showFlares":true,"showImageEffects":true,"showParticleSystems":true,"showVisualEffectGraphs":true,"m_FxEnabled":true},"in2DMode":false,"pivot":{"x":0.28681468963623049,"y":0.6808316111564636,"z":-0.43434250354766848},"rotation":{"x":-0.00516969570890069,"y":0.9031473994255066,"z":-0.011170248501002789,"w":-0.4292755722999573},"size":1.2247449159622193,"orthographic":false}