{"cameraMode":{"drawMode":0,"name":"Shaded","section":"Shading Mode"},"sceneLighting":false,"audioPlay":false,"sceneViewState":{"m_AlwaysRefresh":false,"showFog":true,"showSkybox":false,"showFlares":true,"showImageEffects":true,"showParticleSystems":true,"showVisualEffectGraphs":true,"m_FxEnabled":true},"in2DMode":false,"pivot":{"x":326.48773193359377,"y":465.7829284667969,"z":890.4961547851563},"rotation":{"x":-0.002924850909039378,"y":0.9967821836471558,"z":-0.06919441372156143,"w":-0.04158720746636391},"size":12.124354362487793,"orthographic":false}