{"cameraMode":{"drawMode":0,"name":"Shaded","section":"Shading Mode"},"sceneLighting":false,"audioPlay":false,"sceneViewState":{"m_AlwaysRefresh":false,"showFog":true,"showSkybox":false,"showFlares":true,"showImageEffects":true,"showParticleSystems":true,"showVisualEffectGraphs":true,"m_FxEnabled":true},"in2DMode":false,"pivot":{"x":-13.81845474243164,"y":0.039449095726013187,"z":1.8877594470977784},"rotation":{"x":0.02285602129995823,"y":-0.6566045880317688,"z":0.01990058273077011,"w":0.7536534070968628},"size":10.951658248901368,"orthographic":false}